variant,epsilon,N_mean,N_std,treatment_mean,treatment_std,conversion_mean,conversion_std,visit_mean,visit_std
size_100,0.1,44774.2,78.126393,0.666315,0.003072,0.009822,0.002686,0.145869,0.002394
size_100,0.5,44794.1,18.423717,0.666854,0.000645,0.008849,0.00041,0.146883,0.000367
size_100,1.0,44796.7,8.577101,0.666962,0.00035,0.008871,0.000271,0.146872,0.000125
size_100,2.0,44797.3,5.250397,0.667027,0.000178,0.008925,0.000155,0.146931,6.8e-05
size_100,5.0,44798.5,2.368778,0.667069,8.3e-05,0.008982,6.5e-05,0.146978,2.7e-05
size_100,10.0,44798.9,1.286684,0.667081,4.3e-05,0.008996,3e-05,0.146988,2.6e-05
size_100,inf,44799.3,0.483046,0.667095,1.1e-05,0.009009,1.6e-05,0.147002,1.1e-05
